,angle,angle_model,throttle,throttle_model
0,1,-0.4864403307437897,0.4142857142857142,0.3098849356174469
