,angle,angle_model,throttle,throttle_model
0,1,0.6980854868888855,0.7285714285714283,-2.9100327491760254
